{
  "age": 32,
  "retireAge": 60,
  "years": 28,
  "monthlyIncome": 85000,
  "monthlyContrib": 5000,
  "totalCorpus": 170000,
  "equityPct": 75,
  "lifestyle": "comfortable",
  "projectedValue": 17348761.29819896,
  "requiredCorpus": 89381493.10438167,
  "score": 19,
  "gap": 72032731.80618271,
  "monthlyGap": 27926.88253918628,
  "monthlySpendAtRetirement": 260696.02155444655,
  "annuityCorpus": 6939504.519279584,
  "lumpSumCorpus": 10409256.778919376,
  "monthlyAnnuityIncome": 34697.522596397925,
  "blendedReturn": 0.11718750000000001,
  "annualReturn": 0.11718750000000001,
  "lifestyleMultiplier": 0.6,
  "n": 336,
  "r": 0.009765625000000002
}